Workbook

Sheet Ticket data
A1: Transaction ID | B1: Purchase Date | C1: Event Name | D1: Event date | E1: Event categoroy | F1: Tickets sold | G1: Ticket Price | H1: Revenue | I1: Attendance | J1: Sales channel | K1: Data status
A2: TKT-1001 | B2: 46280 | C2: Classic 1: American Tapestry | D2: 46305 | E2: Orchestra | F2: 2 | G2: 35 | H2: =F2*G2 -> 70 | I2: 2 | J2: online | K2: valid
A3: TKT-1002 | B3: 46283 | C3: Classic 1: American Tapestry | D3: 10/1002026 | E3: orchestra | F3: 4 | G3: 25 | H3: =F3*G3 -> 100 | I3: 4 | J3: online | K3: valid
A4: TKT-1003 | B4: 46305 | C4: Classic 1: American Tapestry | D4: 46305 | E4: Orchestra | F4: 2 | G4: 49.5 | H4: =F4*G4 -> 99 | I4: 2 | J4: Box office | K4: valid
A5: TKT-1004 | B5: 46315 | C5: GYSO 2026 November Concert | D5: 46334 | E5: GYSO | F5: 3 | G5: 10 | H5: =F5*G5 -> 30 | I5: 3 | J5: online | K5: valid
A6: TKT-1005 | B6: 11/08/2026 November Concert | C6: GYSO 2026 November Concert | D6: 46334 | E6: GYSO | F6: 2 | G6: 13 | H6: =F6*G6 -> 26 | I6: 2 | J6: Box office | K6: valid
A7: TKT-1006 | B7: 46341 | C7: GYSO 2026 December Concert | D7: 46369 | E7: GYSO | F7: 4 | G7: 10 | H7: =F7*G7 -> 40 | I7: 4 | J7: online | K7: valid
A8: TKT-1007 | B8: 46346 | C8: Holiday pops- Sensory friendly | D8: 46361 | E8: Orchestra | F8: 3 | G8: 15 | H8: =F8*G8 -> 45 | I8: 3 | J8: online | K8: valid
A9: TKT-1008 | B9: 46353 | C9: Holiday pops- Sensory friendly | D9: 46361 | E9: Orchestra | F9: 2 | G9: 15 | H9: =F9*G9 -> 30 | I9: 2 | J9: Box office | K9: valid
A10: TKT-1009 | B10: 46351 | C10: Holiday pops | D10: 46361 | E10: Orchestra | F10: 4 | G10: 32 | H10: =F10*G10 -> 128 | I10: 4 | J10: online | K10: valid
A11: TKT-1010 | B11: 46357 | C11: Holiday pops | D11: 46361 | E11: Orchestra | F11: 2 | G11: 49.5 | H11: =F11*G11 -> 99 | I11: 2 | J11: Box office | K11: valid
A12: TKT-1011 | B12: 46358 | C12: Holiday pops | D12: 46362 | E12: Orchestra | F12: 3 | G12: 35 | H12: =F12*G12 -> 105 | I12: 3 | J12: online | K12: valid
A13: TKT-1012 | B13: 46362 | C13: Holiday pops | D13: 46362 | E13: Orchestra | F13: 2 | G13: 49.5 | H13: =F13*G13 -> 99 | I13: 2 | J13: box office | K13: valid
A14: TKT-1013 | B14: 46357 | C14: GYSO 2026 December Concert Series | D14: 46369 | E14: GYSO | F14: 4 | G14: 10 | H14: =F14*G14 -> 40 | I14: 4 | J14: Online | K14: Valid
A15: TKT-1014 | B15: 46369 | C15: GYSO 2026 December Concert Series | D15: 46369 | E15: GYSO | F15: 2 | G15: 13 | H15: =F15*G15 -> 26 | I15: 2 | J15: Box Office | K15: Valid
A16: TKT-1015 | B16: 46371 | C16: 59: A Very Good Year | D16: 46409 | E16: Jazz | F16: 2 | G16: 35 | H16: =F16*G16 -> 70 | I16: 2 | J16: Online | K16: Valid
A17: TKT-1016 | B17: 46392 | C17: 59: A Very Good Year | D17: 46409 | E17: Jazz | F17: 4 | G17: 40 | H17: =F17*G17 -> 160 | I17: 4 | J17: Online | K17: Valid
A18: TKT-1017 | B18: 46409 | C18: 59: A Very Good Year | D18: 46409 | E18: Jazz | F18: 2 | G18: 49.5 | H18: =F18*G18 -> 99 | I18: 2 | J18: Box Office | K18: Valid
... A39: TKT-1038 | B39: 46529 | C39: [CENSORED] | D39: 46529 | E39: Orchestra | F39: 2 | G39: 49.5 | H39: =F39*G39 -> 99 | I39: 2 | J39: Box Office | K39: Valid

Sheet Event summary 
A1: Event Name | B1: Event Date | C1: Tickets sold | D1: Attendance | E1: Ticket Revenue | F1: Attendance Rate | G1: Average Ticket Price
A2: Classic 1: American Tapestry | B2: 46305 | C2: =SUMIF('Ticket data'!C:C,A2,'Ticket data'!F:F) -> 8 | D2: =SUMIF('Ticket data'!C:C,A2,'Ticket data'!I:I) -> 8 | E2: =SUMIF('Ticket data'!C:C,A2,'Ticket data'!H:H) -> 269 | F2: =IFERROR(D2/C2,0) -> 1 | G2: =IFERROR(E2/C2,0) -> 33.625
A3: GYSO 2026 November concert | B3: 46334 | C3: =SUMIF('Ticket data'!C:C,A3,'Ticket data'!F:F) -> 5 | D3: =SUMIF('Ticket data'!C:C,A3,'Ticket data'!I:I) -> 5 | E3: =SUMIF('Ticket data'!C:C,A3,'Ticket data'!H:H) -> 56 | F3: =IFERROR(D3/C3,0) -> 1 | G3: =IFERROR(E3/C3,0) -> 11.2
A4: GYSO 2026 December Concert | B4: 46369 | C4: =SUMIF('Ticket data'!C:C,A4,'Ticket data'!F:F) -> 4 | D4: =SUMIF('Ticket data'!C:C,A4,'Ticket data'!I:I) -> 4 | E4: =SUMIF('Ticket data'!C:C,A4,'Ticket data'!H:H) -> 40 | F4: =IFERROR(D4/C4,0) -> 1 | G4: =IFERROR(E4/C4,0) -> 10
A5: Holiday pops- Sensory friendly | B5: 46361 | C5: =SUMIF('Ticket data'!C:C,A5,'Ticket data'!F:F) -> 2 | D5: =SUMIF('Ticket data'!C:C,A5,'Ticket data'!I:I) -> 2 | E5: =SUMIF('Ticket data'!C:C,A5,'Ticket data'!H:H) -> 30 | F5: =IFERROR(D5/C5,0) -> 1 | G5: =IFERROR(E5/C5,0) -> 15
A6: Holiday pops | B6: 46361 | C6: =SUMIF('Ticket data'!C:C,A6,'Ticket data'!F:F) -> 11 | D6: =SUMIF('Ticket data'!C:C,A6,'Ticket data'!I:I) -> 11 | E6: =SUMIF('Ticket data'!C:C,A6,'Ticket data'!H:H) -> 431 | F6: =IFERROR(D6/C6,0) -> 1 | G6: =IFERROR(E6/C6,0) -> 39.181818
A7: Holiday pops | B7: 46362 | C7: =SUMIF('Ticket data'!C:C,A7,'Ticket data'!F:F) -> 11 | D7: =SUMIF('Ticket data'!C:C,A7,'Ticket data'!I:I) -> 11 | E7: =SUMIF('Ticket data'!C:C,A7,'Ticket data'!H:H) -> 431 | F7: =IFERROR(D7/C7,0) -> 1 | G7: =IFERROR(E7/C7,0) -> 39.181818
A8: 59: A Very Good Year | B8: 46409 | C8: =SUMIF('Ticket data'!C:C,A8,'Ticket data'!F:F) -> 8 | D8: =SUMIF('Ticket data'!C:C,A8,'Ticket data'!I:I) -> 8 | E8: =SUMIF('Ticket data'!C:C,A8,'Ticket data'!H:H) -> 329 | F8: =IFERROR(D8/C8,0) -> 1 | G8: =IFERROR(E8/C8,0) -> 41.125
A9: Brahms Requiem | B9: 46424 | C9: =SUMIF('Ticket data'!C:C,A9,'Ticket data'!F:F) -> 9 | D9: =SUMIF('Ticket data'!C:C,A9,'Ticket data'!I:I) -> 8 | E9: =SUMIF('Ticket data'!C:C,A9,'Ticket data'!H:H) -> 364 | F9: =IFERROR(D9/C9,0) -> 0.88888889 | G9: =IFERROR(E9/C9,0) -> 40.444444
A10: GYSO 2027 February Concert Series | B10: 46425 | C10: =SUMIF('Ticket data'!C:C,A10,'Ticket data'!F:F) -> 7 | D10: =SUMIF('Ticket data'!C:C,A10,'Ticket data'!I:I) -> 7 | E10: =SUMIF('Ticket data'!C:C,A10,'Ticket data'!H:H) -> 79 | F10: =IFERROR(D10/C10,0) -> 1 | G10: =IFERROR(E10/C10,0) -> 11.285714
A11: Rebels with a cause | B11: 46452 | C11: =SUMIF('Ticket data'!C:C,A11,'Ticket data'!F:F) -> 8 | D11: =SUMIF('Ticket data'!C:C,A11,'Ticket data'!I:I) -> 8 | E11: =SUMIF('Ticket data'!C:C,A11,'Ticket data'!H:H) -> 329 | F11: =IFERROR(D11/C11,0) -> 1 | G11: =IFERROR(E11/C11,0) -> 41.125
A12: Bell bottom big band | B12: 46466 | C12: =SUMIF('Ticket data'!C:C,A12,'Ticket data'!F:F) -> 8 | D12: =SUMIF('Ticket data'!C:C,A12,'Ticket data'!I:I) -> 7 | E12: =SUMIF('Ticket data'!C:C,A12,'Ticket data'!H:H) -> 290 | F12: =IFERROR(D12/C12,0) -> 0.875 | G12: =IFERROR(E12/C12,0) -> 36.25
A13: Jazz and Juleps | B13: 46494 | C13: =SUMIF('Ticket data'!C:C,A13,'Ticket data'!F:F) -> 8 | D13: =SUMIF('Ticket data'!C:C,A13,'Ticket data'!I:I) -> 8 | E13: =SUMIF('Ticket data'!C:C,A13,'Ticket data'!H:H) -> 360 | F13: =IFERROR(D13/C13,0) -> 1 | G13: =IFERROR(E13/C13,0) -> 45
... A15: GYSO 2027 May concert series | B15: 46523 | C15: =SUMIF('Ticket data'!C:C,A15,'Ticket data'!F:F) -> 11 | D15: =SUMIF('Ticket data'!C:C,A15,'Ticket data'!I:I) -> 11 | E15: =SUMIF('Ticket data'!C:C,A15,'Ticket data'!H:H) -> 122 | F15: =IFERROR(D15/C15,0) -> 1 | G15: =IFERROR(E15/C15,0) -> 11.090909

Sheet Data Quality
A1: Data Quality check
A3: Quality heck | B3: Result
A4: Total Ticket Records | B4: =COUNTA('Ticket data'!A:A)-1 -> 38
A5: Records Flagged Invalid | B5: =COUNTIF('Ticket data'!K:K,"Invalid") -> 0
A6: Duplicate Transaction IDs | B6: =COUNTA('Ticket data'!A:A)-1-COUNTA(_xlfn.UNIQUE('Ticket data'!A2:A39)) -> 0
A7: Missing event name | B7: =COUNTIFS('Ticket data'!A:A,"<>",'Ticket data'!C:C,"") -> 0
A8: Missing event dates | B8: =COUNTIFS('Ticket data'!A:A,"<>",'Ticket data'!D:D,"") -> 0
A9: Missing ticket prices | B9: =COUNTIFS('Ticket data'!A:A,"<>",'Ticket data'!G:G,"") -> 0
A10: Invalid Ticket Quantities | B10: =COUNTIFS('Ticket data'!A:A,"<>",'Ticket data'!F:F,"<=0") -> 0
A11: Attendance Errors | B11: {=SUMPRODUCT(--('Ticket data'!A2:A39<>""),--('Ticket data'!I2:I39>'Ticket data'!F2:F39))} -> 0

Sheet Dashboard
A1: GYSO Leadership Dashboard
A3: Total Tickets sold | B3: =SUM('Ticket data'!F:F) -> 106
A4: Total Attendance | B4: =SUM('Ticket data'!I:I) -> 104
A5: Total Ticket Revenue | B5: =SUM('Ticket data'!H:H) -> 3139
A6: Attendance Rate | B6: =IFERROR(B4/B3,0) -> 0.98113208
